forecast_date,ingredient_name,unit,projected_ingredient_usage,covered_menu_quantity
2025-01-02,Soft-Boiled Eggs,pieces,1532.92,766.46
2025-01-02,Eggs,pieces,252.45999999999998,252.45999999999998
2025-01-02,Fish Broth,liter,133.42499999999998,444.75
2025-01-02,Condensed Milk,liter,129.7685,2595.37
2025-01-02,Evaporated Milk,liter,129.7685,2595.37
2025-01-02,Coconut Milk,liter,89.04549999999999,533.1099999999999
2025-01-02,White Bread,kg,76.646,766.46
2025-01-02,Rice Noodles,kg,66.71249999999999,444.75
2025-01-02,Flat Rice Noodles,kg,65.439,436.26
2025-01-02,Rice Flour Jelly,kg,35.153,351.53
2025-01-02,Prawns,kg,34.9008,436.26
2025-01-02,Beef,kg,32.6844,181.57999999999998
2025-01-02,Spaghetti,kg,30.295199999999998,252.45999999999998
2025-01-02,Kaya,kg,22.9938,766.46
2025-01-02,Bean Sprouts,kg,21.813000000000002,436.26
2025-01-02,Cockles,kg,21.813000000000002,436.26
2025-01-02,Vegetable Broth,liter,21.4125,85.65
2025-01-02,Chicken Thigh,kg,20.748,103.74
2025-01-02,Lemon,kg,20.7111,690.37
2025-01-02,Sugar Syrup,liter,20.7111,690.37
2025-01-02,Palm Sugar,kg,17.5765,351.53
2025-01-02,Red Beans,kg,17.5765,351.53
2025-01-02,Black Tea,kg,16.4287,3285.74
2025-01-02,Fries,kg,15.560999999999998,103.74
2025-01-02,Butter,kg,15.3292,766.46
2025-01-02,Cucumber,kg,13.3425,444.75
2025-01-02,Mushrooms,kg,12.8475,85.65
2025-01-02,Beef Bacon,kg,12.623,252.45999999999998
2025-01-02,Coleslaw,kg,10.374,103.74
2025-01-02,Soy Sauce,liter,8.7252,436.26
2025-01-02,Cream,liter,8.565000000000001,85.65
2025-01-02,Cheese,kg,7.573799999999999,252.45999999999998
2025-01-02,Black Pepper Sauce,liter,5.187,103.74
2025-01-02,Shrimp Paste,kg,4.4475,444.75
2025-01-02,Tamarind,kg,4.4475,444.75
2025-01-02,Chives,kg,4.3626,436.26
2025-01-02,Onion,kg,4.282500000000001,85.65
2025-01-02,Spices,kg,3.6315999999999997,181.57999999999998
2025-01-02,Mint,kg,2.22375,444.75
2025-01-02,Chili,kg,1.8157999999999999,181.57999999999998
2025-01-02,Galangal,kg,1.8157999999999999,181.57999999999998
2025-01-02,Lemongrass,kg,1.8157999999999999,181.57999999999998
2025-01-02,Garlic,kg,0.8565,85.65
2025-01-02,Black Pepper,kg,0.5049199999999999,252.45999999999998
2025-01-03,Egg,pieces,2377.24,2377.24
2025-01-03,Soft-Boiled Eggs,pieces,1487.9,743.95
2025-01-03,Coconut Milk,liter,397.98749999999995,2645.75
2025-01-03,Rice,kg,354.3564,1928.18
2025-01-03,Eggs,pieces,128.37,128.37
2025-01-03,Chicken Thigh,kg,125.176,625.88
2025-01-03,Rice Flour Jelly,kg,105.927,1059.27
2025-01-03,Condensed Milk,liter,93.998,1879.96
2025-01-03,Evaporated Milk,liter,93.998,1879.96
2025-01-03,Fries,kg,93.88199999999999,625.88
2025-01-03,Chicken,kg,92.554,499.19
2025-01-03,Curry,liter,81.32600000000001,813.26
2025-01-03,Flour,kg,81.32600000000001,813.26
2025-01-03,White Bread,kg,74.39500000000001,743.95
2025-01-03,Flat Rice Noodles,kg,70.6395,470.93
2025-01-03,Coleslaw,kg,62.588,625.88
2025-01-03,Palm Sugar,kg,52.9635,1059.27
2025-01-03,Red Beans,kg,52.9635,1059.27
2025-01-03,Vegetable Broth,liter,48.309999999999995,193.23999999999998
2025-01-03,Anchovies,kg,46.919399999999996,1563.98
2025-01-03,Peanuts,kg,46.919399999999996,1563.98
2025-01-03,Sambal,kg,46.919399999999996,1563.98
2025-01-03,Water,liter,40.663000000000004,813.26
2025-01-03,Prawns,kg,37.6744,470.93
2025-01-03,Fish Broth,liter,35.46,118.2
2025-01-03,Black Pepper Sauce,liter,31.294,625.88
2025-01-03,Mushrooms,kg,28.985999999999997,193.23999999999998
2025-01-03,Bean Sprouts,kg,23.5465,470.93
2025-01-03,Cockles,kg,23.5465,470.93
2025-01-03,Kaya,kg,22.3185,743.95
2025-01-03,Cream,liter,19.323999999999998,193.23999999999998
2025-01-03,Rice Noodles,kg,17.73,118.2
2025-01-03,Ghee,kg,16.2652,813.26
2025-01-03,Spaghetti,kg,15.4044,128.37
2025-01-03,Butter,kg,14.879000000000001,743.95
2025-01-03,Cucumber,kg,14.471999999999998,482.4
2025-01-03,Yogurt,liter,13.499000000000002,134.99
2025-01-03,Onion,kg,9.661999999999999,193.23999999999998
2025-01-03,Soy Sauce,liter,9.4186,470.93
2025-01-03,Black Tea,kg,9.3998,1879.96
2025-01-03,Chili Sauce,liter,7.284,364.2
2025-01-03,Garlic,kg,6.9243,692.43
2025-01-03,Beef Bacon,kg,6.418500000000001,128.37
2025-01-03,Ginger,kg,4.9919,499.19
2025-01-03,Chives,kg,4.7093,470.93
2025-01-03,Beef,kg,4.05,22.5
2025-01-03,Cheese,kg,3.8511,128.37
2025-01-03,Tandoori Masala,kg,2.6998,134.99
2025-01-03,Shrimp Paste,kg,1.1820000000000002,118.2
2025-01-03,Tamarind,kg,1.1820000000000002,118.2
2025-01-03,Mint,kg,0.5910000000000001,118.2
2025-01-03,Spices,kg,0.45,22.5
2025-01-03,Black Pepper,kg,0.25674,128.37
2025-01-03,Chili,kg,0.225,22.5
2025-01-03,Galangal,kg,0.225,22.5
2025-01-03,Lemongrass,kg,0.225,22.5
2025-01-04,Soft-Boiled Eggs,pieces,4850.36,2425.18
2025-01-04,Egg,pieces,2104.0,2104.0
2025-01-04,Eggs,pieces,533.9300000000001,533.9300000000001
2025-01-04,Coconut Milk,liter,353.812,2292.02
2025-01-04,White Bread,kg,242.518,2425.18
2025-01-04,Curry,liter,162.856,1628.56
2025-01-04,Flour,kg,162.856,1628.56
2025-01-04,Rice Flour Jelly,kg,161.64000000000001,1616.4
2025-01-04,Condensed Milk,liter,138.601,2772.02
2025-01-04,Evaporated Milk,liter,138.601,2772.02
2025-01-04,Chicken,kg,137.21400000000003,686.07
2025-01-04,Rice,kg,85.5792,475.44
2025-01-04,Water,liter,81.428,1628.56
2025-01-04,Palm Sugar,kg,80.82000000000001,1616.4
2025-01-04,Red Beans,kg,80.82000000000001,1616.4
2025-01-04,Fish Broth,liter,77.34599999999999,257.82
2025-01-04,Kaya,kg,72.7554,2425.18
2025-01-04,Yogurt,liter,68.60700000000001,686.07
2025-01-04,Spaghetti,kg,64.0716,533.9300000000001
2025-01-04,Lemon,kg,51.250499999999995,1708.35
2025-01-04,Sugar Syrup,liter,51.250499999999995,1708.35
2025-01-04,Butter,kg,48.5036,2425.18
2025-01-04,Chicken Thigh,kg,38.96600000000001,194.83
2025-01-04,Rice Noodles,kg,38.672999999999995,257.82
2025-01-04,Vegetable Broth,liter,38.1625,152.65
2025-01-04,Beef,kg,36.0324,200.18
2025-01-04,Ghee,kg,32.5712,1628.56
2025-01-04,Fries,kg,29.2245,194.83
2025-01-04,Beef Bacon,kg,26.696500000000004,533.9300000000001
2025-01-04,Mushrooms,kg,22.8975,152.65
2025-01-04,Black Tea,kg,22.401850000000003,4480.37
2025-01-04,Coleslaw,kg,19.483000000000004,194.83
2025-01-04,Cheese,kg,16.0179,533.9300000000001
2025-01-04,Cream,liter,15.265,152.65
2025-01-04,Anchovies,kg,14.2632,475.44
2025-01-04,Peanuts,kg,14.2632,475.44
2025-01-04,Sambal,kg,14.2632,475.44
2025-01-04,Tandoori Masala,kg,13.721400000000001,686.07
2025-01-04,Black Pepper Sauce,liter,9.741500000000002,194.83
2025-01-04,Garlic,kg,8.3872,838.72
2025-01-04,Cucumber,kg,7.7345999999999995,257.82
2025-01-04,Onion,kg,7.6325,152.65
2025-01-04,Ginger,kg,6.8607000000000005,686.07
2025-01-04,Spices,kg,4.0036000000000005,200.18
2025-01-04,Shrimp Paste,kg,2.5782,257.82
2025-01-04,Tamarind,kg,2.5782,257.82
2025-01-04,Chili,kg,2.0018000000000002,200.18
2025-01-04,Galangal,kg,2.0018000000000002,200.18
2025-01-04,Lemongrass,kg,2.0018000000000002,200.18
2025-01-04,Mint,kg,1.2891,257.82
2025-01-04,Black Pepper,kg,1.0678600000000003,533.9300000000001
2025-01-05,Soft-Boiled Eggs,pieces,5922.0,2961.0
2025-01-05,Egg,pieces,2244.66,2244.66
2025-01-05,Coconut Milk,liter,397.5665,2480.05
2025-01-05,Rice,kg,375.815,2051.08
2025-01-05,White Bread,kg,296.1,2961.0
2025-01-05,Vegetable Broth,liter,137.0125,548.05
2025-01-05,Chicken,kg,135.29739999999998,709.5899999999999
2025-01-05,Chicken Thigh,kg,125.38,626.9
2025-01-05,Condensed Milk,liter,95.03900000000002,1900.7800000000002
2025-01-05,Evaporated Milk,liter,95.03900000000002,1900.7800000000002
2025-01-05,Fries,kg,94.035,626.9
2025-01-05,Beef,kg,92.0124,511.18
2025-01-05,Kaya,kg,88.83,2961.0
2025-01-05,Mushrooms,kg,82.2075,548.05
2025-01-05,Fish Broth,liter,81.072,270.24
2025-01-05,Coleslaw,kg,62.69,626.9
2025-01-05,Butter,kg,59.22,2961.0
2025-01-05,Cream,liter,54.805,548.05
2025-01-05,Curry,liter,52.461000000000006,524.61
2025-01-05,Flour,kg,52.461000000000006,524.61
2025-01-05,Anchovies,kg,51.601499999999994,1720.05
2025-01-05,Peanuts,kg,51.601499999999994,1720.05
2025-01-05,Sambal,kg,51.601499999999994,1720.05
2025-01-05,Lemon,kg,47.415299999999995,1580.51
2025-01-05,Sugar Syrup,liter,47.415299999999995,1580.51
2025-01-05,Rice Noodles,kg,40.536,270.24
2025-01-05,Yogurt,liter,37.856,378.56
2025-01-05,Black Pepper Sauce,liter,31.345,626.9
2025-01-05,Onion,kg,27.4025,548.05
2025-01-05,Water,liter,26.230500000000003,524.61
2025-01-05,Rice Flour Jelly,kg,24.882,248.82
2025-01-05,Cucumber,kg,18.0381,601.27
2025-01-05,Black Tea,kg,17.40645,3481.29
2025-01-05,Garlic,kg,12.5764,1257.6399999999999
2025-01-05,Palm Sugar,kg,12.441,248.82
2025-01-05,Red Beans,kg,12.441,248.82
2025-01-05,Ghee,kg,10.4922,524.61
2025-01-05,Spices,kg,10.223600000000001,511.18
2025-01-05,Tandoori Masala,kg,7.5712,378.56
2025-01-05,Ginger,kg,7.0959,709.5899999999999
2025-01-05,Chili Sauce,liter,6.6206,331.03
2025-01-05,Chili,kg,5.111800000000001,511.18
2025-01-05,Galangal,kg,5.111800000000001,511.18
2025-01-05,Lemongrass,kg,5.111800000000001,511.18
2025-01-05,Shrimp Paste,kg,2.7024000000000004,270.24
2025-01-05,Tamarind,kg,2.7024000000000004,270.24
2025-01-05,Mint,kg,1.3512000000000002,270.24
2025-01-06,Soft-Boiled Eggs,pieces,6034.46,3017.23
2025-01-06,Egg,pieces,780.8199999999999,780.8199999999999
2025-01-06,White Bread,kg,301.723,3017.23
2025-01-06,Eggs,pieces,293.61,293.61
2025-01-06,Coconut Milk,liter,142.361,898.81
2025-01-06,Chicken,kg,105.25680000000001,543.9300000000001
2025-01-06,Kaya,kg,90.51689999999999,3017.23
2025-01-06,Curry,liter,78.082,780.8199999999999
2025-01-06,Flour,kg,78.082,780.8199999999999
2025-01-06,Condensed Milk,liter,76.5515,1531.03
2025-01-06,Evaporated Milk,liter,76.5515,1531.03
2025-01-06,Rice Flour Jelly,kg,74.802,748.02
2025-01-06,Butter,kg,60.3446,3017.23
2025-01-06,Fish Broth,liter,42.779999999999994,142.6
2025-01-06,Water,liter,39.041,780.8199999999999
2025-01-06,Palm Sugar,kg,37.401,748.02
2025-01-06,Red Beans,kg,37.401,748.02
2025-01-06,Yogurt,liter,36.74700000000001,367.47
2025-01-06,Flat Rice Noodles,kg,36.285,241.9
2025-01-06,Rice,kg,35.292,176.46
2025-01-06,Spaghetti,kg,35.233200000000004,293.61
2025-01-06,Beef,kg,27.1422,150.79
2025-01-06,Vegetable Broth,liter,22.725,90.9
2025-01-06,Rice Noodles,kg,21.389999999999997,142.6
2025-01-06,Lemon,kg,20.642099999999996,688.0699999999999
2025-01-06,Sugar Syrup,liter,20.642099999999996,688.0699999999999
2025-01-06,Prawns,kg,19.352,241.9
2025-01-06,Ghee,kg,15.616399999999999,780.8199999999999
2025-01-06,Beef Bacon,kg,14.680500000000002,293.61
2025-01-06,Mushrooms,kg,13.635,90.9
2025-01-06,Bean Sprouts,kg,12.095,241.9
2025-01-06,Cockles,kg,12.095,241.9
2025-01-06,Black Tea,kg,11.0955,2219.1
2025-01-06,Cucumber,kg,9.5718,319.06
2025-01-06,Cream,liter,9.090000000000002,90.9
2025-01-06,Cheese,kg,8.808300000000001,293.61
2025-01-06,Tandoori Masala,kg,7.349400000000001,367.47
2025-01-06,Garlic,kg,6.348300000000001,634.83
2025-01-06,Ginger,kg,5.439300000000001,543.9300000000001
2025-01-06,Soy Sauce,liter,4.838,241.9
2025-01-06,Onion,kg,4.545000000000001,90.9
2025-01-06,Chili Sauce,liter,3.5292000000000003,176.46
2025-01-06,Spices,kg,3.0158,150.79
2025-01-06,Chives,kg,2.419,241.9
2025-01-06,Chili,kg,1.5079,150.79
2025-01-06,Galangal,kg,1.5079,150.79
2025-01-06,Lemongrass,kg,1.5079,150.79
2025-01-06,Shrimp Paste,kg,1.426,142.6
2025-01-06,Tamarind,kg,1.426,142.6
2025-01-06,Mint,kg,0.713,142.6
2025-01-06,Black Pepper,kg,0.5872200000000001,293.61
2025-01-07,Soft-Boiled Eggs,pieces,1532.04,766.02
2025-01-07,Egg,pieces,536.89,536.89
2025-01-07,Coconut Milk,liter,154.452,979.0400000000001
2025-01-07,Eggs,pieces,146.99,146.99
2025-01-07,Condensed Milk,liter,121.44200000000001,2428.84
2025-01-07,Evaporated Milk,liter,121.44200000000001,2428.84
2025-01-07,White Bread,kg,76.602,766.02
2025-01-07,Rice Flour Jelly,kg,58.56800000000001,585.6800000000001
2025-01-07,Rice,kg,43.459199999999996,241.44
2025-01-07,Chicken Thigh,kg,41.288000000000004,206.44
2025-01-07,Chicken,kg,34.368,171.84
2025-01-07,Vegetable Broth,liter,33.7075,134.83
2025-01-07,Fries,kg,30.965999999999998,206.44
2025-01-07,Curry,liter,29.545,295.45
2025-01-07,Flour,kg,29.545,295.45
2025-01-07,Palm Sugar,kg,29.284000000000006,585.6800000000001
2025-01-07,Red Beans,kg,29.284000000000006,585.6800000000001
2025-01-07,Beef,kg,27.345599999999997,151.92
2025-01-07,Kaya,kg,22.9806,766.02
2025-01-07,Coleslaw,kg,20.644000000000002,206.44
2025-01-07,Mushrooms,kg,20.224500000000003,134.83
2025-01-07,Spaghetti,kg,17.6388,146.99
2025-01-07,Flat Rice Noodles,kg,17.548499999999997,116.99
2025-01-07,Yogurt,liter,17.184,171.84
2025-01-07,Butter,kg,15.3204,766.02
2025-01-07,Water,liter,14.7725,295.45
2025-01-07,Cream,liter,13.483000000000002,134.83
2025-01-07,Black Tea,kg,12.144200000000001,2428.84
2025-01-07,Black Pepper Sauce,liter,10.322000000000001,206.44
2025-01-07,Prawns,kg,9.3592,116.99
2025-01-07,Beef Bacon,kg,7.349500000000001,146.99
2025-01-07,Anchovies,kg,7.2432,241.44
2025-01-07,Peanuts,kg,7.2432,241.44
2025-01-07,Sambal,kg,7.2432,241.44
2025-01-07,Onion,kg,6.741500000000001,134.83
2025-01-07,Ghee,kg,5.909,295.45
2025-01-07,Bean Sprouts,kg,5.8495,116.99
2025-01-07,Cockles,kg,5.8495,116.99
2025-01-07,Cheese,kg,4.4097,146.99
2025-01-07,Tandoori Masala,kg,3.4368000000000003,171.84
2025-01-07,Garlic,kg,3.0667,306.67
2025-01-07,Spices,kg,3.0383999999999998,151.92
2025-01-07,Soy Sauce,liter,2.3398,116.99
2025-01-07,Ginger,kg,1.7184000000000001,171.84
2025-01-07,Chili,kg,1.5191999999999999,151.92
2025-01-07,Galangal,kg,1.5191999999999999,151.92
2025-01-07,Lemongrass,kg,1.5191999999999999,151.92
2025-01-07,Chives,kg,1.1699,116.99
2025-01-07,Black Pepper,kg,0.29398,146.99
2025-01-08,Soft-Boiled Eggs,pieces,1564.38,782.19
2025-01-08,Egg,pieces,627.3199999999999,627.3199999999999
2025-01-08,Coconut Milk,liter,209.42149999999998,1384.47
2025-01-08,Eggs,pieces,192.91000000000003,192.91000000000003
2025-01-08,Rice,kg,102.8702,548.81
2025-01-08,Rice Flour Jelly,kg,100.486,1004.86
2025-01-08,Fish Broth,liter,89.733,299.11
2025-01-08,White Bread,kg,78.21900000000001,782.19
2025-01-08,Chicken,kg,74.14959999999999,391.16999999999996
2025-01-08,Chicken Thigh,kg,73.034,365.17
2025-01-08,Fries,kg,54.7755,365.17
2025-01-08,Condensed Milk,liter,52.980500000000006,1059.6100000000001
2025-01-08,Evaporated Milk,liter,52.980500000000006,1059.6100000000001
2025-01-08,Palm Sugar,kg,50.243,1004.86
2025-01-08,Red Beans,kg,50.243,1004.86
2025-01-08,Flat Rice Noodles,kg,47.896499999999996,319.31
2025-01-08,Rice Noodles,kg,44.8665,299.11
2025-01-08,Coleslaw,kg,36.517,365.17
2025-01-08,Vegetable Broth,liter,33.7425,134.97
2025-01-08,Lemon,kg,28.7247,957.49
2025-01-08,Sugar Syrup,liter,28.7247,957.49
2025-01-08,Curry,liter,28.273000000000003,282.73
2025-01-08,Flour,kg,28.273000000000003,282.73
2025-01-08,Prawns,kg,25.544800000000002,319.31
2025-01-08,Kaya,kg,23.465700000000002,782.19
2025-01-08,Spaghetti,kg,23.1492,192.91000000000003
2025-01-08,Mushrooms,kg,20.2455,134.97
2025-01-08,Yogurt,liter,18.695,186.95
2025-01-08,Black Pepper Sauce,liter,18.2585,365.17
2025-01-08,Bean Sprouts,kg,15.9655,319.31
2025-01-08,Cockles,kg,15.9655,319.31
2025-01-08,Butter,kg,15.6438,782.19
2025-01-08,Cucumber,kg,15.0999,503.33000000000004
2025-01-08,Water,liter,14.136500000000002,282.73
2025-01-08,Cream,liter,13.497,134.97
2025-01-08,Anchovies,kg,10.337699999999998,344.59
2025-01-08,Peanuts,kg,10.337699999999998,344.59
2025-01-08,Sambal,kg,10.337699999999998,344.59
2025-01-08,Black Tea,kg,10.0855,2017.1000000000001
2025-01-08,Beef Bacon,kg,9.645500000000002,192.91000000000003
2025-01-08,Onion,kg,6.7485,134.97
2025-01-08,Soy Sauce,liter,6.3862000000000005,319.31
2025-01-08,Beef,kg,6.3036,35.02
2025-01-08,Cheese,kg,5.7873,192.91000000000003
2025-01-08,Ghee,kg,5.6546,282.73
2025-01-08,Garlic,kg,5.2614,526.14
2025-01-08,Chili Sauce,liter,4.0844000000000005,204.22
2025-01-08,Ginger,kg,3.9117,391.16999999999996
2025-01-08,Tandoori Masala,kg,3.739,186.95
2025-01-08,Chives,kg,3.1931000000000003,319.31
2025-01-08,Shrimp Paste,kg,2.9911000000000003,299.11
2025-01-08,Tamarind,kg,2.9911000000000003,299.11
2025-01-08,Mint,kg,1.4955500000000002,299.11
2025-01-08,Spices,kg,0.7004,35.02
2025-01-08,Black Pepper,kg,0.38582000000000005,192.91000000000003
2025-01-08,Chili,kg,0.3502,35.02
2025-01-08,Galangal,kg,0.3502,35.02
2025-01-08,Lemongrass,kg,0.3502,35.02
2025-01-09,Soft-Boiled Eggs,pieces,1532.04,766.02
2025-01-09,Eggs,pieces,251.59,251.59
2025-01-09,Fish Broth,liter,133.227,444.09000000000003
2025-01-09,Condensed Milk,liter,129.71450000000002,2594.29
2025-01-09,Evaporated Milk,liter,129.71450000000002,2594.29
2025-01-09,Coconut Milk,liter,88.893,532.24
2025-01-09,White Bread,kg,76.602,766.02
2025-01-09,Rice Noodles,kg,66.6135,444.09000000000003
2025-01-09,Flat Rice Noodles,kg,65.3415,435.61
2025-01-09,Rice Flour Jelly,kg,35.11000000000001,351.1
2025-01-09,Prawns,kg,34.848800000000004,435.61
2025-01-09,Beef,kg,32.605199999999996,181.14
2025-01-09,Spaghetti,kg,30.1908,251.59
2025-01-09,Kaya,kg,22.9806,766.02
2025-01-09,Bean Sprouts,kg,21.780500000000004,435.61
2025-01-09,Cockles,kg,21.780500000000004,435.61
2025-01-09,Vegetable Broth,liter,21.25,85.0
2025-01-09,Chicken Thigh,kg,20.704,103.52
2025-01-09,Lemon,kg,20.6982,689.94
2025-01-09,Sugar Syrup,liter,20.6982,689.94
2025-01-09,Palm Sugar,kg,17.555000000000003,351.1
2025-01-09,Red Beans,kg,17.555000000000003,351.1
2025-01-09,Black Tea,kg,16.42115,3284.23
2025-01-09,Fries,kg,15.527999999999999,103.52
2025-01-09,Butter,kg,15.3204,766.02
2025-01-09,Cucumber,kg,13.322700000000001,444.09000000000003
2025-01-09,Mushrooms,kg,12.75,85.0
2025-01-09,Beef Bacon,kg,12.579500000000001,251.59
2025-01-09,Coleslaw,kg,10.352,103.52
2025-01-09,Soy Sauce,liter,8.712200000000001,435.61
2025-01-09,Cream,liter,8.5,85.0
2025-01-09,Cheese,kg,7.5477,251.59
2025-01-09,Black Pepper Sauce,liter,5.176,103.52
2025-01-09,Shrimp Paste,kg,4.4409,444.09000000000003
2025-01-09,Tamarind,kg,4.4409,444.09000000000003
2025-01-09,Chives,kg,4.3561000000000005,435.61
2025-01-09,Onion,kg,4.25,85.0
2025-01-09,Spices,kg,3.6228,181.14
2025-01-09,Mint,kg,2.22045,444.09000000000003
2025-01-09,Chili,kg,1.8114,181.14
2025-01-09,Galangal,kg,1.8114,181.14
2025-01-09,Lemongrass,kg,1.8114,181.14
2025-01-09,Garlic,kg,0.85,85.0
2025-01-09,Black Pepper,kg,0.5031800000000001,251.59
2025-01-10,Egg,pieces,2375.5600000000004,2375.5600000000004
2025-01-10,Soft-Boiled Eggs,pieces,1486.94,743.47
2025-01-10,Coconut Milk,liter,397.54350000000005,2642.8700000000003
2025-01-10,Rice,kg,354.04440000000005,1926.5000000000002
2025-01-10,Eggs,pieces,128.13,128.13
2025-01-10,Chicken Thigh,kg,124.93800000000002,624.69
2025-01-10,Rice Flour Jelly,kg,105.783,1057.83
2025-01-10,Condensed Milk,liter,93.9505,1879.01
2025-01-10,Evaporated Milk,liter,93.9505,1879.01
2025-01-10,Fries,kg,93.7035,624.69
2025-01-10,Chicken,kg,92.3236,497.99
2025-01-10,Curry,liter,81.278,812.78
2025-01-10,Flour,kg,81.278,812.78
2025-01-10,White Bread,kg,74.34700000000001,743.47
2025-01-10,Flat Rice Noodles,kg,70.4955,469.97
2025-01-10,Coleslaw,kg,62.46900000000001,624.69
2025-01-10,Palm Sugar,kg,52.8915,1057.83
2025-01-10,Red Beans,kg,52.8915,1057.83
2025-01-10,Vegetable Broth,liter,48.1325,192.53
2025-01-10,Anchovies,kg,46.8834,1562.7800000000002
2025-01-10,Peanuts,kg,46.8834,1562.7800000000002
2025-01-10,Sambal,kg,46.8834,1562.7800000000002
2025-01-10,Water,liter,40.639,812.78
2025-01-10,Prawns,kg,37.5976,469.97
2025-01-10,Fish Broth,liter,35.388,117.96
2025-01-10,Black Pepper Sauce,liter,31.234500000000004,624.69
2025-01-10,Mushrooms,kg,28.8795,192.53
2025-01-10,Bean Sprouts,kg,23.498500000000003,469.97
2025-01-10,Cockles,kg,23.498500000000003,469.97
2025-01-10,Kaya,kg,22.3041,743.47
2025-01-10,Cream,liter,19.253,192.53
2025-01-10,Rice Noodles,kg,17.694,117.96
2025-01-10,Ghee,kg,16.2556,812.78
2025-01-10,Spaghetti,kg,15.375599999999999,128.13
2025-01-10,Butter,kg,14.8694,743.47
2025-01-10,Cucumber,kg,14.4504,481.68
2025-01-10,Yogurt,liter,13.427,134.26999999999998
2025-01-10,Onion,kg,9.6265,192.53
2025-01-10,Soy Sauce,liter,9.3994,469.97
2025-01-10,Black Tea,kg,9.39505,1879.01
2025-01-10,Chili Sauce,liter,7.274400000000001,363.72
2025-01-10,Garlic,kg,6.905200000000001,690.52
2025-01-10,Beef Bacon,kg,6.4065,128.13
2025-01-10,Ginger,kg,4.979900000000001,497.99
2025-01-10,Chives,kg,4.6997,469.97
2025-01-10,Beef,kg,4.0068,22.26
2025-01-10,Cheese,kg,3.8438999999999997,128.13
2025-01-10,Tandoori Masala,kg,2.6853999999999996,134.26999999999998
2025-01-10,Shrimp Paste,kg,1.1796,117.96
2025-01-10,Tamarind,kg,1.1796,117.96
2025-01-10,Mint,kg,0.5898,117.96
2025-01-10,Spices,kg,0.44520000000000004,22.26
2025-01-10,Black Pepper,kg,0.25626,128.13
2025-01-10,Chili,kg,0.22260000000000002,22.26
2025-01-10,Galangal,kg,0.22260000000000002,22.26
2025-01-10,Lemongrass,kg,0.22260000000000002,22.26
2025-01-11,Soft-Boiled Eggs,pieces,4847.76,2423.88
2025-01-11,Egg,pieces,2102.7,2102.7
2025-01-11,Eggs,pieces,533.15,533.15
2025-01-11,Coconut Milk,liter,353.526,2290.2
2025-01-11,White Bread,kg,242.38800000000003,2423.88
2025-01-11,Curry,liter,162.752,1627.52
2025-01-11,Flour,kg,162.752,1627.52
2025-01-11,Rice Flour Jelly,kg,161.51,1615.1
2025-01-11,Condensed Milk,liter,138.549,2770.98
2025-01-11,Evaporated Milk,liter,138.549,2770.98
2025-01-11,Chicken,kg,137.006,685.03
2025-01-11,Rice,kg,85.5324,475.18
2025-01-11,Water,liter,81.376,1627.52
2025-01-11,Palm Sugar,kg,80.755,1615.1
2025-01-11,Red Beans,kg,80.755,1615.1
2025-01-11,Fish Broth,liter,77.268,257.56
2025-01-11,Kaya,kg,72.71640000000001,2423.88
2025-01-11,Yogurt,liter,68.503,685.03
2025-01-11,Spaghetti,kg,63.977999999999994,533.15
2025-01-11,Lemon,kg,51.2193,1707.31
2025-01-11,Sugar Syrup,liter,51.2193,1707.31
2025-01-11,Butter,kg,48.4776,2423.88
2025-01-11,Chicken Thigh,kg,38.914,194.57
2025-01-11,Rice Noodles,kg,38.634,257.56
2025-01-11,Vegetable Broth,liter,38.0975,152.39
2025-01-11,Beef,kg,35.9856,199.92
2025-01-11,Ghee,kg,32.5504,1627.52
2025-01-11,Fries,kg,29.185499999999998,194.57
2025-01-11,Beef Bacon,kg,26.6575,533.15
2025-01-11,Mushrooms,kg,22.858499999999996,152.39
2025-01-11,Black Tea,kg,22.39145,4478.29
2025-01-11,Coleslaw,kg,19.457,194.57
2025-01-11,Cheese,kg,15.994499999999999,533.15
2025-01-11,Cream,liter,15.238999999999999,152.39
2025-01-11,Anchovies,kg,14.2554,475.18
2025-01-11,Peanuts,kg,14.2554,475.18
2025-01-11,Sambal,kg,14.2554,475.18
2025-01-11,Tandoori Masala,kg,13.7006,685.03
2025-01-11,Black Pepper Sauce,liter,9.7285,194.57
2025-01-11,Garlic,kg,8.3742,837.42
2025-01-11,Cucumber,kg,7.7268,257.56
2025-01-11,Onion,kg,7.6194999999999995,152.39
2025-01-11,Ginger,kg,6.8503,685.03
2025-01-11,Spices,kg,3.9983999999999997,199.92
2025-01-11,Shrimp Paste,kg,2.5756,257.56
2025-01-11,Tamarind,kg,2.5756,257.56
2025-01-11,Chili,kg,1.9991999999999999,199.92
2025-01-11,Galangal,kg,1.9991999999999999,199.92
2025-01-11,Lemongrass,kg,1.9991999999999999,199.92
2025-01-11,Mint,kg,1.2878,257.56
2025-01-11,Black Pepper,kg,1.0663,533.15
2025-01-12,Soft-Boiled Eggs,pieces,5918.6,2959.3
2025-01-12,Egg,pieces,2243.2400000000002,2243.2400000000002
2025-01-12,Coconut Milk,liter,397.18550000000005,2477.79
2025-01-12,Rice,kg,375.5556,2049.67
2025-01-12,White Bread,kg,295.93,2959.3
2025-01-12,Vegetable Broth,liter,136.73250000000002,546.9300000000001
2025-01-12,Chicken,kg,135.135,708.75
2025-01-12,Chicken Thigh,kg,125.21,626.05
2025-01-12,Condensed Milk,liter,94.99700000000001,1899.94
2025-01-12,Evaporated Milk,liter,94.99700000000001,1899.94
2025-01-12,Fries,kg,93.90749999999998,626.05
2025-01-12,Beef,kg,91.8612,510.34000000000003
2025-01-12,Kaya,kg,88.779,2959.3
2025-01-12,Mushrooms,kg,82.0395,546.9300000000001
2025-01-12,Fish Broth,liter,80.98799999999999,269.96
2025-01-12,Coleslaw,kg,62.605,626.05
2025-01-12,Butter,kg,59.18600000000001,2959.3
2025-01-12,Cream,liter,54.69300000000001,546.9300000000001
2025-01-12,Curry,liter,52.43200000000001,524.32
2025-01-12,Flour,kg,52.43200000000001,524.32
2025-01-12,Anchovies,kg,51.5676,1718.92
2025-01-12,Peanuts,kg,51.5676,1718.92
2025-01-12,Sambal,kg,51.5676,1718.92
2025-01-12,Lemon,kg,47.381699999999995,1579.3899999999999
2025-01-12,Sugar Syrup,liter,47.381699999999995,1579.3899999999999
2025-01-12,Rice Noodles,kg,40.49399999999999,269.96
2025-01-12,Yogurt,liter,37.800000000000004,378.0
2025-01-12,Black Pepper Sauce,liter,31.3025,626.05
2025-01-12,Onion,kg,27.346500000000006,546.9300000000001
2025-01-12,Water,liter,26.216000000000005,524.32
2025-01-12,Rice Flour Jelly,kg,24.853,248.53
2025-01-12,Cucumber,kg,18.021299999999997,600.71
2025-01-12,Black Tea,kg,17.39665,3479.33
2025-01-12,Garlic,kg,12.5568,1255.68
2025-01-12,Palm Sugar,kg,12.4265,248.53
2025-01-12,Red Beans,kg,12.4265,248.53
2025-01-12,Ghee,kg,10.486400000000001,524.32
2025-01-12,Spices,kg,10.206800000000001,510.34000000000003
2025-01-12,Tandoori Masala,kg,7.5600000000000005,378.0
2025-01-12,Ginger,kg,7.0875,708.75
2025-01-12,Chili Sauce,liter,6.615,330.75
2025-01-12,Chili,kg,5.103400000000001,510.34000000000003
2025-01-12,Galangal,kg,5.103400000000001,510.34000000000003
2025-01-12,Lemongrass,kg,5.103400000000001,510.34000000000003
2025-01-12,Shrimp Paste,kg,2.6995999999999998,269.96
2025-01-12,Tamarind,kg,2.6995999999999998,269.96
2025-01-12,Mint,kg,1.3497999999999999,269.96
2025-01-13,Soft-Boiled Eggs,pieces,6029.6,3014.8
2025-01-13,Egg,pieces,780.22,780.22
2025-01-13,White Bread,kg,301.48,3014.8
2025-01-13,Eggs,pieces,292.69,292.69
2025-01-13,Coconut Milk,liter,141.99949999999998,896.6999999999999
2025-01-13,Chicken,kg,104.96079999999999,542.42
2025-01-13,Kaya,kg,90.444,3014.8
2025-01-13,Curry,liter,78.022,780.22
2025-01-13,Flour,kg,78.022,780.22
2025-01-13,Condensed Milk,liter,76.506,1530.12
2025-01-13,Evaporated Milk,liter,76.506,1530.12
2025-01-13,Rice Flour Jelly,kg,74.681,746.81
2025-01-13,Butter,kg,60.29600000000001,3014.8
2025-01-13,Fish Broth,liter,42.687,142.29
2025-01-13,Water,liter,39.011,780.22
2025-01-13,Palm Sugar,kg,37.3405,746.81
2025-01-13,Red Beans,kg,37.3405,746.81
2025-01-13,Yogurt,liter,36.626,366.26
2025-01-13,Flat Rice Noodles,kg,36.1935,241.29000000000002
2025-01-13,Rice,kg,35.232,176.16
2025-01-13,Spaghetti,kg,35.1228,292.69
2025-01-13,Beef,kg,26.980199999999996,149.89
2025-01-13,Vegetable Broth,liter,22.572499999999998,90.28999999999999
2025-01-13,Rice Noodles,kg,21.3435,142.29
2025-01-13,Lemon,kg,20.6241,687.47
2025-01-13,Sugar Syrup,liter,20.6241,687.47
2025-01-13,Prawns,kg,19.3032,241.29000000000002
2025-01-13,Ghee,kg,15.6044,780.22
2025-01-13,Beef Bacon,kg,14.634500000000001,292.69
2025-01-13,Mushrooms,kg,13.543499999999998,90.28999999999999
2025-01-13,Bean Sprouts,kg,12.064500000000002,241.29000000000002
2025-01-13,Cockles,kg,12.064500000000002,241.29000000000002
2025-01-13,Black Tea,kg,11.08795,2217.59
2025-01-13,Cucumber,kg,9.5535,318.45
2025-01-13,Cream,liter,9.029,90.28999999999999
2025-01-13,Cheese,kg,8.7807,292.69
2025-01-13,Tandoori Masala,kg,7.3252,366.26
2025-01-13,Garlic,kg,6.3271,632.71
2025-01-13,Ginger,kg,5.4242,542.42
2025-01-13,Soy Sauce,liter,4.8258,241.29000000000002
2025-01-13,Onion,kg,4.5145,90.28999999999999
2025-01-13,Chili Sauce,liter,3.5232,176.16
2025-01-13,Spices,kg,2.9978,149.89
2025-01-13,Chives,kg,2.4129,241.29000000000002
2025-01-13,Chili,kg,1.4989,149.89
2025-01-13,Galangal,kg,1.4989,149.89
2025-01-13,Lemongrass,kg,1.4989,149.89
2025-01-13,Shrimp Paste,kg,1.4229,142.29
2025-01-13,Tamarind,kg,1.4229,142.29
2025-01-13,Mint,kg,0.71145,142.29
2025-01-13,Black Pepper,kg,0.58538,292.69
2025-01-14,Soft-Boiled Eggs,pieces,1530.76,765.38
2025-01-14,Egg,pieces,536.25,536.25
2025-01-14,Coconut Milk,liter,154.06050000000002,976.76
2025-01-14,Eggs,pieces,146.34,146.34
2025-01-14,Condensed Milk,liter,121.3615,2427.23
2025-01-14,Evaporated Milk,liter,121.3615,2427.23
2025-01-14,White Bread,kg,76.538,765.38
2025-01-14,Rice Flour Jelly,kg,58.471000000000004,584.71
2025-01-14,Rice,kg,43.4016,241.12
2025-01-14,Chicken Thigh,kg,41.15800000000001,205.79000000000002
2025-01-14,Chicken,kg,34.238,171.19
2025-01-14,Vegetable Broth,liter,33.465,133.86
2025-01-14,Fries,kg,30.8685,205.79000000000002
2025-01-14,Curry,liter,29.513,295.13
2025-01-14,Flour,kg,29.513,295.13
2025-01-14,Palm Sugar,kg,29.235500000000002,584.71
2025-01-14,Red Beans,kg,29.235500000000002,584.71
2025-01-14,Beef,kg,27.1674,150.93
2025-01-14,Kaya,kg,22.961399999999998,765.38
2025-01-14,Coleslaw,kg,20.579000000000004,205.79000000000002
2025-01-14,Mushrooms,kg,20.079,133.86
2025-01-14,Spaghetti,kg,17.5608,146.34
2025-01-14,Flat Rice Noodles,kg,17.499,116.66
2025-01-14,Yogurt,liter,17.119,171.19
2025-01-14,Butter,kg,15.3076,765.38
2025-01-14,Water,liter,14.7565,295.13
2025-01-14,Cream,liter,13.386000000000003,133.86
2025-01-14,Black Tea,kg,12.13615,2427.23
2025-01-14,Black Pepper Sauce,liter,10.289500000000002,205.79000000000002
2025-01-14,Prawns,kg,9.3328,116.66
2025-01-14,Beef Bacon,kg,7.317,146.34
2025-01-14,Anchovies,kg,7.2336,241.12
2025-01-14,Peanuts,kg,7.2336,241.12
2025-01-14,Sambal,kg,7.2336,241.12
2025-01-14,Onion,kg,6.693000000000001,133.86
2025-01-14,Ghee,kg,5.9026,295.13
2025-01-14,Bean Sprouts,kg,5.833,116.66
2025-01-14,Cockles,kg,5.833,116.66
2025-01-14,Cheese,kg,4.3902,146.34
2025-01-14,Tandoori Masala,kg,3.4238,171.19
2025-01-14,Garlic,kg,3.0505000000000004,305.05
2025-01-14,Spices,kg,3.0186,150.93
2025-01-14,Soy Sauce,liter,2.3332,116.66
2025-01-14,Ginger,kg,1.7119,171.19
2025-01-14,Chili,kg,1.5093,150.93
2025-01-14,Galangal,kg,1.5093,150.93
2025-01-14,Lemongrass,kg,1.5093,150.93
2025-01-14,Chives,kg,1.1666,116.66
2025-01-14,Black Pepper,kg,0.29268,146.34
2025-01-15,Soft-Boiled Eggs,pieces,1563.0,781.5
2025-01-15,Egg,pieces,626.63,626.63
2025-01-15,Coconut Milk,liter,209.041,1382.05
2025-01-15,Eggs,pieces,192.22,192.22
2025-01-15,Rice,kg,102.73920000000001,548.12
2025-01-15,Rice Flour Jelly,kg,100.31400000000001,1003.14
2025-01-15,Fish Broth,liter,89.52599999999998,298.41999999999996
2025-01-15,White Bread,kg,78.15,781.5
2025-01-15,Chicken,kg,73.94839999999999,390.13
2025-01-15,Chicken Thigh,kg,72.824,364.12
2025-01-15,Fries,kg,54.618,364.12
2025-01-15,Condensed Milk,liter,52.94650000000001,1058.93
2025-01-15,Evaporated Milk,liter,52.94650000000001,1058.93
2025-01-15,Palm Sugar,kg,50.157000000000004,1003.14
2025-01-15,Red Beans,kg,50.157000000000004,1003.14
2025-01-15,Flat Rice Noodles,kg,47.793,318.62
2025-01-15,Rice Noodles,kg,44.76299999999999,298.41999999999996
2025-01-15,Coleslaw,kg,36.412,364.12
2025-01-15,Vegetable Broth,liter,33.4825,133.93
2025-01-15,Lemon,kg,28.6938,956.46
2025-01-15,Sugar Syrup,liter,28.6938,956.46
2025-01-15,Curry,liter,28.239,282.39
2025-01-15,Flour,kg,28.239,282.39
2025-01-15,Prawns,kg,25.4896,318.62
2025-01-15,Kaya,kg,23.445,781.5
2025-01-15,Spaghetti,kg,23.066399999999998,192.22
2025-01-15,Mushrooms,kg,20.0895,133.93
2025-01-15,Yogurt,liter,18.625,186.25
2025-01-15,Black Pepper Sauce,liter,18.206,364.12
2025-01-15,Bean Sprouts,kg,15.931000000000001,318.62
2025-01-15,Cockles,kg,15.931000000000001,318.62
2025-01-15,Butter,kg,15.63,781.5
2025-01-15,Cucumber,kg,15.068999999999999,502.29999999999995
2025-01-15,Water,liter,14.1195,282.39
2025-01-15,Cream,liter,13.393,133.93
2025-01-15,Anchovies,kg,10.3272,344.24
2025-01-15,Peanuts,kg,10.3272,344.24
2025-01-15,Sambal,kg,10.3272,344.24
2025-01-15,Black Tea,kg,10.07695,2015.39
2025-01-15,Beef Bacon,kg,9.611,192.22
2025-01-15,Onion,kg,6.6965,133.93
2025-01-15,Soy Sauce,liter,6.3724,318.62
2025-01-15,Beef,kg,6.2406,34.67
2025-01-15,Cheese,kg,5.7665999999999995,192.22
2025-01-15,Ghee,kg,5.6478,282.39
2025-01-15,Garlic,kg,5.240600000000001,524.06
2025-01-15,Chili Sauce,liter,4.0776,203.88
2025-01-15,Ginger,kg,3.9013,390.13
2025-01-15,Tandoori Masala,kg,3.725,186.25
2025-01-15,Chives,kg,3.1862,318.62
2025-01-15,Shrimp Paste,kg,2.9841999999999995,298.41999999999996
2025-01-15,Tamarind,kg,2.9841999999999995,298.41999999999996
2025-01-15,Mint,kg,1.4920999999999998,298.41999999999996
2025-01-15,Spices,kg,0.6934,34.67
2025-01-15,Black Pepper,kg,0.38444,192.22
2025-01-15,Chili,kg,0.3467,34.67
2025-01-15,Galangal,kg,0.3467,34.67
2025-01-15,Lemongrass,kg,0.3467,34.67
